variant,symbol,dir,re,entry,exit,reason,entry_time,exit_time,net_r
prod,ETHFIUSDT,LONG,0,0.76973,0.68938,stop,2026-09-26 16:00,2026-09-28 00:00,-1.015
prod,SYRUPUSDT,LONG,0,0.22877,0.20778,stop,2026-09-26 16:00,2026-09-28 04:00,-1.017
flip_only,ETHFIUSDT,LONG,0,0.76973,0.6845,eod,2026-09-26 16:00,2026-09-29 00:00,-1.076
flip_only,SYRUPUSDT,LONG,0,0.22877,0.2259,eod,2026-09-26 16:00,2026-09-29 00:00,-0.154
flip_pure,ETHFIUSDT,LONG,0,0.76973,0.6845,eod,2026-09-26 16:00,2026-09-29 00:00,-1.076
flip_pure,SYRUPUSDT,LONG,0,0.22877,0.2259,eod,2026-09-26 16:00,2026-09-29 00:00,-0.154
flip_only_d6,ETHFIUSDT,LONG,0,0.76973,0.6845,eod,2026-09-26 16:00,2026-09-29 00:00,-1.076
flip_only_d6,SYRUPUSDT,LONG,0,0.22877,0.2259,eod,2026-09-26 16:00,2026-09-29 00:00,-0.154
flip_d6c12,ETHFIUSDT,LONG,0,0.76973,0.67736,stop,2026-09-26 16:00,2026-09-28 04:00,-1.165
flip_d6c12,SYRUPUSDT,LONG,0,0.22877,0.2259,eod,2026-09-26 16:00,2026-09-29 00:00,-0.154
close_stop,ETHFIUSDT,LONG,0,0.76973,0.68819,stop_close,2026-09-26 16:00,2026-09-28 00:00,-1.03
close_stop,SYRUPUSDT,LONG,0,0.22877,0.2259,eod,2026-09-26 16:00,2026-09-29 00:00,-0.154
close_stop_d,ETHFIUSDT,LONG,0,0.76973,0.68819,stop_close,2026-09-26 16:00,2026-09-28 00:00,-1.03
close_stop_d,SYRUPUSDT,LONG,0,0.22877,0.2259,eod,2026-09-26 16:00,2026-09-29 00:00,-0.154
close_stop_roll,ETHFIUSDT,LONG,0,0.76973,0.68819,stop_close,2026-09-26 16:00,2026-09-28 00:00,-1.03
close_stop_roll,SYRUPUSDT,LONG,0,0.22877,0.2259,eod,2026-09-26 16:00,2026-09-29 00:00,-0.154
half_stop,ETHFIUSDT,LONG,0,0.76973,0.6885,stop,2026-09-26 16:00,2026-09-28 04:00,-1.021
half_stop,SYRUPUSDT,LONG,0,0.22877,0.20778,stop,2026-09-26 16:00,2026-09-28 08:00,-1.017
reentry_imm,ETHFIUSDT,LONG,0,0.76973,0.68938,stop,2026-09-26 16:00,2026-09-28 00:00,-1.015
reentry_imm,ETHFIUSDT,LONG,1,0.68871,0.6845,eod,2026-09-28 04:00,2026-09-29 00:00,-0.062
reentry_imm,SYRUPUSDT,LONG,0,0.22877,0.20778,stop,2026-09-26 16:00,2026-09-28 04:00,-1.017
reentry_imm,SYRUPUSDT,LONG,1,0.20836,0.2259,eod,2026-09-28 08:00,2026-09-29 00:00,0.867
reentry_brk,ETHFIUSDT,LONG,0,0.76973,0.68938,stop,2026-09-26 16:00,2026-09-28 00:00,-1.015
reentry_brk,SYRUPUSDT,LONG,0,0.22877,0.20778,stop,2026-09-26 16:00,2026-09-28 04:00,-1.017
reentry_brk,SYRUPUSDT,LONG,1,0.21777,0.2259,eod,2026-09-28 20:00,2026-09-29 00:00,0.372
reentry_recl,ETHFIUSDT,LONG,0,0.76973,0.68938,stop,2026-09-26 16:00,2026-09-28 00:00,-1.015
reentry_recl,ETHFIUSDT,LONG,1,0.69361,0.6845,eod,2026-09-28 16:00,2026-09-29 00:00,-0.123
reentry_recl,SYRUPUSDT,LONG,0,0.22877,0.20778,stop,2026-09-26 16:00,2026-09-28 04:00,-1.017
reentry_recl,SYRUPUSDT,LONG,1,0.21096,0.2259,eod,2026-09-28 12:00,2026-09-29 00:00,0.735
trail_roll,ETHFIUSDT,LONG,0,0.76973,0.68938,stop,2026-09-26 16:00,2026-09-28 00:00,-1.015
trail_roll,SYRUPUSDT,LONG,0,0.22877,0.20778,stop,2026-09-26 16:00,2026-09-28 04:00,-1.017
close_stop_re,ETHFIUSDT,LONG,0,0.76973,0.68819,stop_close,2026-09-26 16:00,2026-09-28 00:00,-1.03
close_stop_re,ETHFIUSDT,LONG,1,0.68871,0.6845,eod,2026-09-28 04:00,2026-09-29 00:00,-0.062
close_stop_re,SYRUPUSDT,LONG,0,0.22877,0.2259,eod,2026-09-26 16:00,2026-09-29 00:00,-0.154
half_stop_re,ETHFIUSDT,LONG,0,0.76973,0.6885,stop,2026-09-26 16:00,2026-09-28 04:00,-1.021
half_stop_re,ETHFIUSDT,LONG,1,0.6736,0.6845,eod,2026-09-28 08:00,2026-09-29 00:00,0.115
half_stop_re,SYRUPUSDT,LONG,0,0.22877,0.20778,stop,2026-09-26 16:00,2026-09-28 08:00,-1.017
half_stop_re,SYRUPUSDT,LONG,1,0.21096,0.2259,eod,2026-09-28 12:00,2026-09-29 00:00,0.735
